Workbook

Sheet Checklist
A1: Omega Web-Chat Integration Checklist (v0.1.18 → v0.1.20)
A2: User-side checks for the web chat · 16 scenarios · covers changes from releases v0.1.19 and v0.1.20
A3: Pick a status from the dropdown (the cell is highlighted automatically). Comment, Tester, and Date are filled in manually.
A5: No. | B5: Area | C5: What to verify (change) | D5: How to test (steps in chat) | E5: Expected result | F5: Status | G5: Comment / defect | H5: Tester | I5: Date
A6: 1 | B6: Identity and version | C6: OmegaClaw → Omega rebranding (v0.1.20) | D6: 1. Ask the agent in the chat: "what is your name?" and "what is your version?" 2. Open the chat right after (re)starting the container and check the agent's first message. | E6: The agent introduces itself as Omega (no OmegaClaw mentions anywhere), version v0.1.20. The first startup message contains the version, so you immediately see which release is running. | F6: Not started
A7: 2 | B7: Message delivery and connection drops | C7: Lost replies on disconnect fixed (OMEGA-288, v0.1.19) | D7: 1. Ask the agent a question that requires a long answer. 2. Right while the agent is replying, cut the network or close the tab. 3. Return to the chat after the connection is restored. | E7: The reply is not lost: it is delivered after reconnection. No duplicates. | F7: Not started
A8: 3 | C8: Deduplication after reconnect | D8: 1. Exchange a couple of messages with the agent. 2. Cut the connection for 1–2 minutes, then return (the chat server may resend the message history). | E8: The agent does not answer already-processed messages again. | F8: Not started
A9: 4 | C9: Fast-message merging | D9: Send 2–3 short messages in a row without waiting for the agent's reply. | E9: A single reply to the merged input; message order is preserved. | F9: Not started
A10: 5 | B10: Memory | C10: /memory-export command on WebSocket (new, v0.1.20) | D10: 1. Send in the chat: /memory-export both 2. Then: /memory-export ltm 3. Then: /memory-export gibberish 4. (Optional) repeat on a stand without WS_TOKEN and with memoryExportEnabled disabled. | E10: The command returns a "Memory export complete" report: file name, size, SHA-256, record count. An invalid argument yields a format hint. Without a token — "Memory export denied: an authenticated user is required". With the feature disabled, the command goes to the agent as a regular message. | F10: Not started
A11: 6 | C11: Memory backup and restore (v0.1.20) | D11: 1. Ask the agent to remember a unique fact: "remember: control marker QW-123". 2. Run /memory-export both. 3. After restoring the instance from the archive, ask the agent about that fact. | E11: The fact is found on the new instance: the memory was transferred correctly. | F11: Not started
A12: 7 | C12: Remembering and recall (remember / query / episodes) | D12: 1. "Remember: my favorite color is <unique marker>". 2. Later ask: "what is my favorite color?" 3. Ask: "what did we discuss at <date/time>?" | E12: The fact is found both semantically (vector search) and by time (episodes). | F12: Not started
A13: 8 | B13: Skills and plugins | C13: New delete-file skill (v0.1.20) | D13: 1. Ask the agent to create a file. 2. Ask it to delete the file. 3. Ask it to delete a file that definitely does not exist. 4. Cross-check the agent's actions with the container logs: docker logs omega. | E13: Deletion is confirmed with a real check (the file is gone). For a non-existent file — an explicit DELETE-FAILED in the reply and in the logs. The agent does not crash. | F13: Not started
A14: 9 | C14: Unknown skill calls rejected (v0.1.19) | D14: Ask the agent to call a made-up skill, e.g.: "use the super-calc skill". | E14: An explicit refusal or an error message, not silence and not an invented result. | F14: Not started
A15: 10 | C15: Dynamic skills add-skill / remove-skill (v0.1.19) | D15: 1. Ask the agent to add a simple skill. 2. Make sure it appears in the list and works. 3. Ask it to remove the skill. | E15: The skill appears and disappears from the list immediately, without restarting the agent. | F15: Not started
A16: 11 | C16: Agentverse skill removed (v0.1.19) | D16: 1. Ask the agent what skills it has. 2. Ask it to perform an agentverse request. | E16: The skill is not in the capability list; the agent does not try to call it. | F16: Not started
A17: 12 | C17: Task delegation to OpenClaw (v0.1.19; if the plugin is enabled) | D17: 1. Ask: "delegate a task: reply exactly PONG". 2. Without waiting for the result, continue a normal dialogue. 3. Separately delegate an empty task. | E17: An immediate "delegated" reply, the agent stays responsive; the result arrives later (status=ok). An empty task — status=error, type=invalid_input. | F17: Not started
A18: 13 | C18: Plugin operation (v0.1.19–v0.1.20) | D18: If a plugin is installed (e.g. workflow): 1. Invoke its skill in the chat. 2. Invoke the skill with invalid data. | E18: The skill is available and works; a plugin error does not crash the agent, the chat keeps working. | F18: Not started
A19: 14 | B19: LLM response behavior | C19: Empty replies due to reasoning budget (v0.1.20) | D19: Give the agent a very complex multi-step task (on a stand with a high reasoning level). | E19: Instead of an empty reply, a clear message arrives: "reasoning exceeded the token limit…" with advice to break the request into smaller steps. | F19: Not started
A20: 15 | C20: Obtrusive ALERT_FAILED instruction removed (v0.1.19) | D20: 1. Provoke a failed skill call (e.g. delete-file on a non-existent file). 2. Continue the dialogue with regular messages. | E20: The agent does not loop on "fixing the past failure": the dialogue continues normally. | F20: Not started
A21: 16 | B21: Security | C21: Secrets scrubbed from the agent environment | D21: Ask the agent to print its environment (shell skill: "env"). | E21: The output contains no OMEGA_AUTH_SECRET, provider keys (ANTHROPIC_API_KEY, OPENAI_API_KEY, OPENROUTER_API_KEY, etc.), or channel tokens. | F21: Not started

Sheet Summary
A1: Checklist summary
A2: Filled in automatically from the Status column of the Checklist sheet
A4: Status | B4: Count | C4: Share
A5: Not started | B5: ==COUNTIF(Checklist!$F$6:$F$21,$A5) | C5: ==IF($B$11=0,"",B5/$B$11)
A6: In progress | B6: ==COUNTIF(Checklist!$F$6:$F$21,$A6) | C6: ==IF($B$11=0,"",B6/$B$11)
A7: Passed | B7: ==COUNTIF(Checklist!$F$6:$F$21,$A7) | C7: ==IF($B$11=0,"",B7/$B$11)
A8: Failed | B8: ==COUNTIF(Checklist!$F$6:$F$21,$A8) | C8: ==IF($B$11=0,"",B8/$B$11)
A9: Blocked | B9: ==COUNTIF(Checklist!$F$6:$F$21,$A9) | C9: ==IF($B$11=0,"",B9/$B$11)
A10: N/A | B10: ==COUNTIF(Checklist!$F$6:$F$21,$A10) | C10: ==IF($B$11=0,"",B10/$B$11)
A11: Total | B11: ==COUNTA(Checklist!$F$6:$F$21) | C11: ==IF($B$11=0,"",1)
A13: Area | B13: Checks | C13: Passed | D13: Pass rate
A14: Identity and version | B14: ==COUNTA(Checklist!$F$6:$F$6) | C14: ==COUNTIF(Checklist!$F$6:$F$6,"Passed") | D14: ==IF(B14=0,"",C14/B14)
A15: Message delivery and connection drops | B15: ==COUNTA(Checklist!$F$7:$F$9) | C15: ==COUNTIF(Checklist!$F$7:$F$9,"Passed") | D15: ==IF(B15=0,"",C15/B15)
A16: Memory | B16: ==COUNTA(Checklist!$F$10:$F$12) | C16: ==COUNTIF(Checklist!$F$10:$F$12,"Passed") | D16: ==IF(B16=0,"",C16/B16)
A17: Skills and plugins | B17: ==COUNTA(Checklist!$F$13:$F$18) | C17: ==COUNTIF(Checklist!$F$13:$F$18,"Passed") | D17: ==IF(B17=0,"",C17/B17)
A18: LLM response behavior | B18: ==COUNTA(Checklist!$F$19:$F$20) | C18: ==COUNTIF(Checklist!$F$19:$F$20,"Passed") | D18: ==IF(B18=0,"",C18/B18)
A19: Security | B19: ==COUNTA(Checklist!$F$21:$F$21) | C19: ==COUNTIF(Checklist!$F$21:$F$21,"Passed") | D19: ==IF(B19=0,"",C19/B19)

Sheet Guide
A1: Context, prerequisites, and links
A3: Product | B3: Omega (formerly OmegaClaw) is an AI agent by SingularityNET / ASI Alliance. The checklist covers changes between v0.1.18 and v0.1.20 (270 commits; releases v0.1.19 and v0.1.20).
A4: How the web chat is connected | B4: Omega acts as a WebSocket client: it connects to the chat server via WS_URL with a Bearer token from WS_TOKEN (the channel is enabled with the -t websocket flag). Inbound frames are user_message, outbound are agent_message; after every reconnection the agent sends resume with the sequence number of the last processed message.
A5: Prerequisites | B5: 1. The singularitynet/omega:v0.1.20 container is running with -t websocket and the WS_URL / WS_TOKEN variables. 2. Container logs are accessible for cross-checking the agent's actions: docker logs omega. 3. Check #5: memoryExportEnabled is on and WS_TOKEN is set. 4. Check #12: the OpenClaw plugin is enabled with -g <gateway-url>. 5. Check #14: the reasoning level is raised on the stand (reasoningMode: high).
A6: Out of scope | B6: The server side of the web chat (frame handling, Bearer authorization, history replay), CI/autotests, and deployment operations are not covered here.
A7: Links | B7: Up-to-date product materials:
A8: Version compare v0.1.18...v0.1.20 | B8: https://github.com/singnet/Omega/compare/v0.1.18...v0.1.20
A9: Release v0.1.19 | B9: https://github.com/singnet/Omega/releases/tag/v0.1.19
A10: Release v0.1.20 | B10: https://github.com/singnet/Omega/releases/tag/v0.1.20
A11: WS channel protocol (docs) | B11: https://github.com/singnet/Omega/blob/v0.1.20/docs/reference-channels.md
A12: Memory portability (docs) | B12: https://github.com/singnet/Omega/blob/v0.1.20/docs/reference-memory-portability.md
A13: OpenClaw plugin (README) | B13: https://github.com/singnet/Omega/blob/v0.1.20/plugins/openclaw/README.md
