Workbook

Sheet Чек-лист
A1: Чек-лист интеграции Omega в веб-чат (v0.1.18 → v0.1.20)
A2: Проверки со стороны пользователя веб-чата · 16 сценариев · изменения релизов v0.1.19 и v0.1.20
A3: Статус выбирается из выпадающего списка (цвет подсветится автоматически). Комментарий, Тестировщик и Дата заполняются вручную.
A5: № | B5: Раздел | C5: Что проверяем (изменение) | D5: Как проверить (шаги в чате) | E5: Ожидаемый результат | F5: Статус | G5: Комментарий / дефект | H5: Тестировщик | I5: Дата
A6: 1 | B6: Идентичность и версия | C6: Ребрендинг OmegaClaw → Omega (v0.1.20) | D6: 1. Спросить у агента в чате: "как тебя зовут?" и "какая у тебя версия?" 2. Открыть чат сразу после (пере)запуска контейнера и посмотреть первое сообщение агента. | E6: Агент представляется как Omega (нигде не упоминает OmegaClaw), версия — v0.1.20. Первое сообщение при старте содержит версию: сразу видно, какой релиз запущен. | F6: Не начато
A7: 2 | B7: Доставка сообщений и обрывы связи | C7: Потеря ответов при разрыве связи исправлена (OMEGA-288, v0.1.19) | D7: 1. Задать агенту вопрос, требующий развёрнутого ответа. 2. Ровно в момент, пока агент отвечает, оборвать сеть или закрыть вкладку. 3. Вернуться в чат после восстановления соединения. | E7: Ответ не теряется: он доставляется после переподключения. Дубликатов нет. | F7: Не начато
A8: 3 | C8: Дедупликация после reconnect | D8: 1. Обменяться с агентом парой сообщений. 2. Оборвать связь на 1–2 минуты, затем вернуться (чат-сервер при этом может переотправить историю сообщений). | E8: Агент не отвечает повторно на уже обработанные сообщения. | F8: Не начато
A9: 4 | C9: Склейка быстрых сообщений | D9: Отправить 2–3 коротких сообщения подряд, не дожидаясь ответа агента. | E9: Приходит один ответ на объединённый ввод, порядок сообщений сохранён. | F9: Не начато
A10: 5 | B10: Память | C10: Команда /memory-export на WebSocket (новое, v0.1.20) | D10: 1. Послать в чат: /memory-export both 2. Затем: /memory-export ltm 3. Затем: /memory-export абракадабра 4. (Опционально) повторить на стенде без WS_TOKEN и с выключенной настройкой memoryExportEnabled. | E10: По команде — отчёт "Memory export complete": имя файла, размер, SHA-256, число записей. Неверный аргумент — подсказка формата. Без токена — "Memory export denied: an authenticated user is required". При выключенной фиче команда уходит агенту как обычное сообщение. | F10: Не начато
A11: 6 | C11: Бэкап и восстановление памяти (v0.1.20) | D11: 1. Попросить агента запомнить уникальный факт: "запомни: контрольный маркер QW-123". 2. Выполнить /memory-export both. 3. После восстановления инстанса из архива спросить агента про этот факт. | E11: Факт находится на новом инстансе: память перенеслась корректно. | F11: Не начато
A12: 7 | C12: Запоминание и поиск (remember / query / episodes) | D12: 1. "Запомни: мой любимый цвет — <уникальный маркер>". 2. Позже спросить: "какой у меня любимый цвет?" 3. Спросить: "что мы обсуждали в <дата/время>?" | E12: Факт находится и по смыслу (векторный поиск), и по времени (эпизоды). | F12: Не начато
A13: 8 | B13: Скиллы и плагины | C13: Новый скилл delete-file (v0.1.20) | D13: 1. Попросить агента создать файл. 2. Попросить удалить его. 3. Попросить удалить заведомо несуществующий файл. 4. Сверить действия агента с логами контейнера: docker logs omega. | E13: Подтверждение удаления с реальной проверкой (файла больше нет). Для несуществующего файла — явный DELETE-FAILED в ответе и логах. Агент не падает. | F13: Не начато
A14: 9 | C14: Отвержение неизвестных скиллов (v0.1.19) | D14: Попросить агента вызвать выдуманный скилл, например: "используй скилл super-calc". | E14: Явный отказ или сообщение об ошибке, а не тишина и не выдуманный результат. | F14: Не начато
A15: 10 | C15: Динамические скиллы add-skill / remove-skill (v0.1.19) | D15: 1. Попросить агента добавить простой скилл. 2. Убедиться, что он появился в списке и работает. 3. Попросить его убрать. | E15: Скилл появляется и исчезает из списка сразу, без перезапуска агента. | F15: Не начато
A16: 11 | C16: Agentverse-скилл удалён (v0.1.19) | D16: 1. Спросить у агента, какие у него есть навыки. 2. Попросить выполнить agentverse-запрос. | E16: Скилла нет в списке возможностей; агент не пытается его вызывать. | F16: Не начато
A17: 12 | C17: Делегирование задач в OpenClaw (v0.1.19; если включён плагин) | D17: 1. Попросить: "делегируй задачу: ответь ровно PONG". 2. Не дожидаясь результата, продолжить обычный диалог. 3. Отдельно делегировать пустую задачу. | E17: Мгновенный ответ "делегировал", агент остаётся отзывчивым; результат приходит позже (status=ok). Пустая задача — status=error, type=invalid_input. | F17: Не начато
A18: 13 | C18: Работа плагинов (v0.1.19–v0.1.20) | D18: Если установлен плагин (например, workflow): 1. Вызвать его скилл в чате. 2. Вызвать скилл с ошибочными данными. | E18: Скилл доступен и работает; ошибка плагина не роняет агента, чат продолжает работать. | F18: Не начато
A19: 14 | B19: Поведение ответов LLM | C19: Пустые ответы из-за reasoning-бюджета (v0.1.20) | D19: Дать агенту очень сложную многошаговую задачу (на стенде с высоким уровнем reasoning). | E19: Вместо пустого ответа приходит понятное сообщение: "reasoning exceeded the token limit…" с советом разбить запрос на меньшие шаги. | F19: Не начато
A20: 15 | C20: Убрана навязчивая инструкция ALERT_FAILED (v0.1.19) | D20: 1. Спровоцировать неудачный вызов скилла (например, delete-file на несуществующем файле). 2. Продолжить диалог обычными сообщениями. | E20: Агент не циклится на "исправлении прошлой неудачи": диалог идёт дальше нормально. | F20: Не начато
A21: 16 | B21: Безопасность | C21: Секреты вычищены из окружения агента | D21: Попросить агента вывести своё окружение (скилл shell: "env"). | E21: В выводе нет OMEGA_AUTH_SECRET, ключей провайдеров (ANTHROPIC_API_KEY, OPENAI_API_KEY, OPENROUTER_API_KEY и т.п.) и токенов каналов. | F21: Не начато

Sheet Сводка
A1: Сводка по чек-листу
A2: Заполняется автоматически по колонке Статус листа Чек-лист
A4: Статус | B4: Кол-во | C4: Доля
A5: Не начато | B5: ==COUNTIF('Чек-лист'!$F$6:$F$21,$A5) | C5: ==IF($B$11=0,"",B5/$B$11)
A6: В процессе | B6: ==COUNTIF('Чек-лист'!$F$6:$F$21,$A6) | C6: ==IF($B$11=0,"",B6/$B$11)
A7: Пройдено | B7: ==COUNTIF('Чек-лист'!$F$6:$F$21,$A7) | C7: ==IF($B$11=0,"",B7/$B$11)
A8: Провалено | B8: ==COUNTIF('Чек-лист'!$F$6:$F$21,$A8) | C8: ==IF($B$11=0,"",B8/$B$11)
A9: Заблокировано | B9: ==COUNTIF('Чек-лист'!$F$6:$F$21,$A9) | C9: ==IF($B$11=0,"",B9/$B$11)
A10: N/A | B10: ==COUNTIF('Чек-лист'!$F$6:$F$21,$A10) | C10: ==IF($B$11=0,"",B10/$B$11)
A11: Всего | B11: ==COUNTA('Чек-лист'!$F$6:$F$21) | C11: ==IF($B$11=0,"",1)
A13: Раздел | B13: Проверок | C13: Пройдено | D13: Доля пройдено
A14: Идентичность и версия | B14: ==COUNTA('Чек-лист'!$F$6:$F$6) | C14: ==COUNTIF('Чек-лист'!$F$6:$F$6,"Пройдено") | D14: ==IF(B14=0,"",C14/B14)
A15: Доставка сообщений и обрывы связи | B15: ==COUNTA('Чек-лист'!$F$7:$F$9) | C15: ==COUNTIF('Чек-лист'!$F$7:$F$9,"Пройдено") | D15: ==IF(B15=0,"",C15/B15)
A16: Память | B16: ==COUNTA('Чек-лист'!$F$10:$F$12) | C16: ==COUNTIF('Чек-лист'!$F$10:$F$12,"Пройдено") | D16: ==IF(B16=0,"",C16/B16)
A17: Скиллы и плагины | B17: ==COUNTA('Чек-лист'!$F$13:$F$18) | C17: ==COUNTIF('Чек-лист'!$F$13:$F$18,"Пройдено") | D17: ==IF(B17=0,"",C17/B17)
A18: Поведение ответов LLM | B18: ==COUNTA('Чек-лист'!$F$19:$F$20) | C18: ==COUNTIF('Чек-лист'!$F$19:$F$20,"Пройдено") | D18: ==IF(B18=0,"",C18/B18)
A19: Безопасность | B19: ==COUNTA('Чек-лист'!$F$21:$F$21) | C19: ==COUNTIF('Чек-лист'!$F$21:$F$21,"Пройдено") | D19: ==IF(B19=0,"",C19/B19)

Sheet Руководство
A1: Контекст, предусловия и ссылки
A3: Продукт | B3: Omega (ранее OmegaClaw) — ИИ-агент SingularityNET / ASI Alliance. Чек-лист покрывает изменения между v0.1.18 и v0.1.20 (270 коммитов; релизы v0.1.19 и v0.1.20).
A4: Как подключён веб-чат | B4: Omega работает как WebSocket-клиент: подключается к чат-серверу по WS_URL с Bearer-токеном из WS_TOKEN (канал включается флагом -t websocket). Входящие кадры — user_message, исходящие — agent_message; после каждого переподключения агент отправляет resume с номером последнего обработанного сообщения.
A5: Предусловия | B5: 1. Контейнер singularitynet/omega:v0.1.20 запущен с -t websocket и переменными WS_URL / WS_TOKEN. 2. Для сверки действий агента есть доступ к логам: docker logs omega. 3. Проверка №5: включена настройка memoryExportEnabled и задан WS_TOKEN. 4. Проверка №12: плагин OpenClaw включён флагом -g <gateway-url>. 5. Проверка №14: на стенде поднят reasoning-уровень (reasoningMode: high).
A6: За рамками чек-листа | B6: Серверная часть веб-чата (приём кадров, Bearer-авторизация, реплей истории), CI/автотесты и деплой-операции здесь не проверяются.
A7: Ссылки | B7: Актуальные материалы по продукту:
A8: Сравнение версий v0.1.18...v0.1.20 | B8: https://github.com/singnet/Omega/compare/v0.1.18...v0.1.20
A9: Релиз v0.1.19 | B9: https://github.com/singnet/Omega/releases/tag/v0.1.19
A10: Релиз v0.1.20 | B10: https://github.com/singnet/Omega/releases/tag/v0.1.20
A11: Протокол WS-канала (docs) | B11: https://github.com/singnet/Omega/blob/v0.1.20/docs/reference-channels.md
A12: Переносимость памяти (docs) | B12: https://github.com/singnet/Omega/blob/v0.1.20/docs/reference-memory-portability.md
A13: Плагин OpenClaw (README) | B13: https://github.com/singnet/Omega/blob/v0.1.20/plugins/openclaw/README.md
